'IDENT_ID', 'ACCELX', 'ACCELY', 'ACCELZ', 'ACCURACY', 'ALTITUDE', 'bearing', 'geohash', 'GRAVX', 'GRAVY', 'GRAVZ', 'GYROX', 'GYROY', 'GYROZ', 'HEART1', 'HEART2', 'HRDEV1', 'HRDEV2', 'humidity', 'LATITUDE', 'light', 'LINACCX', 'LINACCY', 'LINACCZ', 'LONGITUDE', 'PRES', 'provider', 'PROX', 'RECV_SEQ', 'ROTVECX', 'ROTVECY', 'ROTVECZ', 'SEND_SEQ', 'speed', 'temp', 'teslaX', 'teslaY', 'teslaZ', 'tsStart', 'tsStop', 'userId', 'version'
'1064', '0.916458', '0.086609', '-0.375488', '10.0000000000', '85.2078860000', '293', 'NULL', '0.000000', '0.000000', '0.000000', 'NULL', 'NULL', 'NULL', '85', '82', 'NULL', 'NULL', 'NULL', '45.3454920000', 'NULL', '0.916458', '0.086609', '-0.375488', '-75.9314980000', 'NULL', 'ios', 'NULL', '765', '0.047210', '0.052115', '0.034390', '66', '2.98', 'NULL', 'NULL', 'NULL', 'NULL', '1396872173514', '1396872133575', '201404070', '1'
'2087', '0.862961', '0.035507', '-0.214935', '5.0000000000', '83.3599850000', '293', 'NULL', '0.000000', '0.000000', '0.000000', 'NULL', 'NULL', 'NULL', '88', '90', 'NULL', 'NULL', 'NULL', '45.3498980000', 'NULL', '0.862961', '0.035507', '-0.214935', '-75.7901200000', 'NULL', 'ios', 'NULL', '1788', '0.004706', '-0.041101', '0.026080', '1089', '10.44', 'NULL', 'NULL', 'NULL', 'NULL', '1396873302214', '1396873262215', '201404070', '1'
'3110', '0.964325', '0.011703', '-0.265030', '132.8499710000', '88.2527470000', '170', 'NULL', '0.000000', '0.000000', '0.000000', 'NULL', 'NULL', 'NULL', '93', '90', 'NULL', 'NULL', 'NULL', '45.4177510000', 'NULL', '0.964325', '0.011703', '-0.265030', '-75.7030570000', 'NULL', 'ios', 'NULL', '2811', '0.518350', '0.091231', '-0.071812', '2112', '-1', 'NULL', 'NULL', 'NULL', 'NULL', '1396874430613', '1396874392147', '201404070', '1'
'4224', '0.118515', '-0.175369', '-1.209915', '1414.0000000000', '281.2307130000', '90', 'NULL', '0.000000', '0.000000', '0.000000', 'NULL', 'NULL', 'NULL', '85', 'NULL', 'NULL', 'NULL', 'NULL', '45.4180440000', 'NULL', '0.118515', '-0.175369', '-1.209915', '-75.7022860000', 'NULL', 'ios', 'NULL', '25', '0.000918', '0.006033', '0.022469', '43', '-1', 'NULL', 'NULL', 'NULL', 'NULL', '1396886462187', '1396886421326', '201404071', '1'
'5247', '0.976547', '-0.195419', '-0.154495', '10.0000000000', '77.9238890000', '98', 'NULL', '0.000000', '0.000000', '0.000000', 'NULL', 'NULL', 'NULL', '85', '96', 'NULL', 'NULL', 'NULL', '45.4197820000', 'NULL', '0.976547', '-0.195419', '-0.154495', '-75.7025460000', 'NULL', 'ios', 'NULL', '1048', '0.112489', '-0.220903', '0.098759', '1066', '0.79', 'NULL', 'NULL', 'NULL', 'NULL', '1396887592189', '1396887551173', '201404071', '1'
'6270', '0.924088', '0.074707', '-0.627350', '10.0000000000', '143.2008670000', '234', 'NULL', '0.000000', '0.000000', '0.000000', 'NULL', 'NULL', 'NULL', '92', '95', 'NULL', 'NULL', 'NULL', '45.4202950000', 'NULL', '0.924088', '0.074707', '-0.627350', '-75.6995510000', 'NULL', 'ios', 'NULL', '2071', '-0.006844', '-0.467095', '0.726694', '419', '1.09', 'NULL', 'NULL', 'NULL', 'NULL', '1396890752264', '1396890711379', '201404074', '1'
'7293', '1.300690', '-0.125244', '-0.241501', '10.0000000000', '166.5640260000', '216', 'NULL', '0.000000', '0.000000', '0.000000', 'NULL', 'NULL', 'NULL', '81', '79', 'NULL', 'NULL', 'NULL', '45.4189460000', 'NULL', '1.300690', '-0.125244', '-0.241501', '-75.7032110000', 'NULL', 'ios', 'NULL', '3094', '-0.016601', '-0.725419', '0.103635', '52', '0.69', 'NULL', 'NULL', 'NULL', 'NULL', '1396901752668', '1396901710632', '201404075', '1'
'8316', '0.063324', '-0.383698', '-0.952438', '10.0000000000', '85.1495360000', '207', 'NULL', '0.000000', '0.000000', '0.000000', 'NULL', 'NULL', 'NULL', '71', '71', 'NULL', 'NULL', 'NULL', '45.3538360000', 'NULL', '0.063324', '-0.383698', '-0.952438', '-75.7821540000', 'NULL', 'ios', 'NULL', '4117', '0.154972', '-0.125200', '-0.000563', '1075', '21.700001', 'NULL', 'NULL', 'NULL', 'NULL', '1396902879266', '1396902837163', '201404075', '1'
'9339', '1.001938', '0.040436', '-0.204361', '10.0000000000', '92.9359740000', '152', 'NULL', '0.000000', '0.000000', '0.000000', 'NULL', 'NULL', 'NULL', '67', '64', 'NULL', 'NULL', 'NULL', '45.3361470000', 'NULL', '1.001938', '0.040436', '-0.204361', '-75.9083300000', 'NULL', 'ios', 'NULL', '5140', '0.014189', '-0.010845', '0.020163', '2099', '1.67', 'NULL', 'NULL', 'NULL', 'NULL', '1396904005668', '1396903963552', '201404075', '1'
'10362', '0.301407', '0.814346', '-0.496506', '10.0000000000', '102.3915410000', '242', 'NULL', '0.000000', '0.000000', '0.000000', 'NULL', 'NULL', 'NULL', '92', '98', 'NULL', 'NULL', 'NULL', '45.3440220000', 'NULL', '0.301407', '0.814346', '-0.496506', '-75.9405440000', 'NULL', 'ios', 'NULL', '6163', '0.129891', '0.441687', '-0.048567', '3124', '0.33', 'NULL', 'NULL', 'NULL', 'NULL', '1396905133168', '1396905099888', '201404075', '1'
'11417', '-0.960602', '0.017532', '-0.113388', '10.0000000000', '95.8752440000', '21', 'NULL', '0.000000', '0.000000', '0.000000', 'NULL', 'NULL', 'NULL', '82', 'NULL', 'NULL', 'NULL', 'NULL', '45.3344820000', 'NULL', '-0.960602', '0.017532', '-0.113388', '-75.9058140000', 'NULL', 'ios', 'NULL', '968', '-0.153126', '-0.082736', '0.037460', '203', '7.42', 'NULL', 'NULL', 'NULL', 'NULL', '1396958966801', '1396958922882', '201404080', '1'
'12440', '0.961563', '-0.215103', '-0.161163', '10.0000000000', '63.5649410000', '9', 'NULL', '0.000000', '0.000000', '0.000000', 'NULL', 'NULL', 'NULL', '75', 'NULL', 'NULL', 'NULL', 'NULL', '45.3489080000', 'NULL', '0.961563', '-0.215103', '-0.161163', '-75.7919870000', 'NULL', 'ios', 'NULL', '1991', '-0.126834', '0.047873', '0.088258', '1226', '11.44', 'NULL', 'NULL', 'NULL', 'NULL', '1396960093603', '1396960049761', '201404080', '1'
'13463', '0.935837', '-0.224335', '-0.289749', '30.0000000000', '58.8942260000', '286', 'NULL', '0.000000', '0.000000', '0.000000', 'NULL', 'NULL', 'NULL', '77', 'NULL', 'NULL', 'NULL', 'NULL', '45.4150330000', 'NULL', '0.935837', '-0.224335', '-0.289749', '-75.7089320000', 'NULL', 'ios', 'NULL', '3014', '-0.008933', '0.025331', '0.038975', '2251', '8.97', 'NULL', 'NULL', 'NULL', 'NULL', '1396961222303', '1396961178247', '201404080', '1'
'14486', '0.707855', '-0.060837', '-0.315048', '10.0000000000', '79.3167110000', '253', 'NULL', '0.000000', '0.000000', '0.000000', 'NULL', 'NULL', 'NULL', '116', 'NULL', 'NULL', 'NULL', 'NULL', '45.4187390000', 'NULL', '0.707855', '-0.060837', '-0.315048', '-75.7052090000', 'NULL', 'ios', 'NULL', '4037', '-0.908705', '0.397888', '0.636600', '3537', '1.45', 'NULL', 'NULL', 'NULL', 'NULL', '1396962642512', '1396962598590', '201404080', '1'
'15568', '0.073669', '-0.232880', '0.978455', '1414.0000000000', '105.2841870000', '76', 'NULL', '0.000000', '0.000000', '0.000000', 'NULL', 'NULL', 'NULL', 'NULL', 'NULL', 'NULL', 'NULL', 'NULL', '45.4183670000', 'NULL', '0.073669', '-0.232880', '0.978455', '-75.7099880000', 'NULL', 'ios', 'NULL', '719', '0.005800', '0.004846', '0.014206', '718', '-1', 'NULL', 'NULL', 'NULL', 'NULL', '1396978909400', '1396978866085', '201404082', '1'
'16591', '0.936035', '0.064606', '-0.255325', '10.0000000000', '158.7467650000', '191', 'NULL', '0.000000', '0.000000', '0.000000', 'NULL', 'NULL', 'NULL', '71', 'NULL', 'NULL', 'NULL', 'NULL', '45.4189090000', 'NULL', '0.936035', '0.064606', '-0.255325', '-75.7030730000', 'NULL', 'ios', 'NULL', '1742', '0.062055', '-0.118232', '-0.039891', '856', '0', 'NULL', 'NULL', 'NULL', 'NULL', '1396991408102', '1396991364308', '201404085', '1'
'17614', '1.022919', '-0.151840', '-0.118240', '10.0000000000', '65.9650270000', '285', 'NULL', '0.000000', '0.000000', '0.000000', 'NULL', 'NULL', 'NULL', '83', 'NULL', 'NULL', 'NULL', 'NULL', '45.3512560000', 'NULL', '1.022919', '-0.151840', '-0.118240', '-75.7889510000', 'NULL', 'ios', 'NULL', '2765', '-0.125568', '0.082948', '0.065752', '1879', '15.34', 'NULL', 'NULL', 'NULL', 'NULL', '1396992536502', '1396992492611', '201404085', '1'
'18637', '0.990555', '-0.289093', '-0.065018', '10.0000000000', '95.3479610000', '286', 'NULL', '0.000000', '0.000000', '0.000000', 'NULL', 'NULL', 'NULL', '52', 'NULL', 'NULL', 'NULL', 'NULL', '45.3454050000', 'NULL', '0.990555', '-0.289093', '-0.065018', '-75.9305730000', 'NULL', 'ios', 'NULL', '3788', '-0.017109', '0.014432', '0.025951', '2902', '4.49', 'NULL', 'NULL', 'NULL', 'NULL', '1396993663302', '1396993619323', '201404085', '1'
'19660', '0.007614', '-0.012878', '-0.995880', '5.0000000000', '107.2546390000', '173', 'NULL', '0.000000', '0.000000', '0.000000', 'NULL', 'NULL', 'NULL', '68', 'NULL', 'NULL', 'NULL', 'NULL', '45.3439180000', 'NULL', '0.007614', '-0.012878', '-0.995880', '-75.9404730000', 'NULL', 'ios', 'NULL', '4811', '-0.002716', '0.007227', '0.026004', '3925', '0', 'NULL', 'NULL', 'NULL', 'NULL', '1396994790903', '1396994746951', '201404085', '1'
'20708', '0.018661', '-0.010086', '-0.997772', '10.0000000000', '105.5458370000', '93', 'NULL', '0.000000', '0.000000', '0.000000', 'NULL', 'NULL', 'NULL', '66', 'NULL', 'NULL', 'NULL', 'NULL', '45.3439290000', 'NULL', '0.018661', '-0.010086', '-0.997772', '-75.9405180000', 'NULL', 'ios', 'NULL', '359', '-0.000233', '0.004822', '0.018918', '357', '0.39', 'NULL', 'NULL', 'NULL', 'NULL', '1397040813321', '1397040768355', '201404090', '1'
'21731', '0.991760', '-0.309097', '-0.212326', '10.0000000000', '93.5597530000', '322', 'NULL', '0.000000', '0.000000', '0.000000', 'NULL', 'NULL', 'NULL', '85', 'NULL', 'NULL', 'NULL', 'NULL', '45.3193280000', 'NULL', '0.991760', '-0.309097', '-0.212326', '-75.8831430000', 'NULL', 'ios', 'NULL', '1382', '-0.012663', '0.014427', '0.056717', '481', '10.25', 'NULL', 'NULL', 'NULL', 'NULL', '1397045567046', '1397045522022', '201404091', '1'
'22754', '0.925323', '-0.231430', '-0.069504', '10.0000000000', '43.2965700000', '29', 'NULL', '0.000000', '0.000000', '0.000000', 'NULL', 'NULL', 'NULL', '75', 'NULL', 'NULL', 'NULL', 'NULL', '45.3990370000', 'NULL', '0.925323', '-0.231430', '-0.069504', '-75.7460470000', 'NULL', 'ios', 'NULL', '2405', '-0.022840', '-0.017011', '0.017688', '1504', '22.15', 'NULL', 'NULL', 'NULL', 'NULL', '1397046693442', '1397046648393', '201404091', '1'
